Date,Index
10/31/2013,"11977,48"
11/1/2013,"12052,59"
11/4/2013,"12135,71"
11/5/2013,"12151,68"
11/6/2013,"12210,3"
11/7/2013,"12044,94"
11/8/2013,"12232,63"
11/11/2013,"12204,38"
11/12/2013,"12181,22"
11/13/2013,"12252,26"
11/14/2013,"12301,71"
11/15/2013,"12322,48"
11/18/2013,"12407,31"
11/19/2013,"12361,22"
11/20/2013,"12299,47"
11/21/2013,"12472,17"
11/22/2013,"12605,85"
11/25/2013,"12597,46"
11/26/2013,"12697,65"
11/27/2013,"12787,62"
11/29/2013,"12722,54"
12/2/2013,"12626,56"
12/3/2013,"12553,19"
12/4/2013,"12445,1"
12/5/2013,"12449,73"
12/6/2013,"12607,7"
12/9/2013,"12594,06"
12/10/2013,"12543,83"
12/11/2013,"12367,88"
12/12/2013,"12422,24"
12/13/2013,"12443,7"
12/16/2013,"12593,44"
12/17/2013,"12612,66"
12/18/2013,"12782,6"
12/19/2013,"12715,11"
12/20/2013,"12927,82"
12/23/2013,"12952,08"
12/24/2013,"13021,76"
12/26/2013,"13126,8"
12/27/2013,"13077,11"
12/30/2013,"13038,19"
12/31/2013,"13097,03"
1/2/2014,12939
1/3/2014,"12995,3"
1/6/2014,"12967,73"
1/7/2014,"13077,23"
1/8/2014,"13130,75"
1/9/2014,"13224,95"
1/10/2014,"13294,12"
1/13/2014,"13229,91"
1/14/2014,"13314,79"
1/15/2014,"13407,89"
1/16/2014,"13429,3"
1/17/2014,"13413,78"
1/21/2014,"13475,22"
1/22/2014,"13675,64"
1/23/2014,"13485,81"
1/24/2014,"13046,22"
1/27/2014,"13044,98"
1/28/2014,"13115,45"
1/29/2014,"12871,44"
1/30/2014,"12939,85"
1/31/2014,"13016,27"
2/3/2014,"12636,39"
2/4/2014,"12674,27"
2/5/2014,"12655,09"
2/6/2014,"12735,23"
2/7/2014,"12976,08"
2/10/2014,"12908,15"
2/11/2014,"13072,95"
2/12/2014,"13154,09"
2/13/2014,"13238,39"
2/14/2014,"13326,02"
2/18/2014,"13403,03"
2/19/2014,"13270,95"
2/20/2014,"13458,82"
2/21/2014,"13448,54"
2/24/2014,"13578,32"
2/25/2014,"13443,76"
2/26/2014,"13391,16"
2/27/2014,"13525,83"
2/28/2014,"13542,26"
3/3/2014,"13546,99"
3/4/2014,"13813,33"
3/5/2014,"13808,66"
3/6/2014,"13808,93"
3/7/2014,"13816,09"
3/10/2014,"13721,91"
3/11/2014,"13538,78"
3/12/2014,"13532,54"
3/13/2014,"13343,01"
3/14/2014,"13363,23"
3/17/2014,"13506,6"
3/18/2014,"13599,22"
3/19/2014,"13450,78"
3/20/2014,"13459,88"
3/21/2014,"13400,76"
3/24/2014,"13337,3"
3/25/2014,"13435,51"
3/26/2014,"13284,48"
3/27/2014,"13197,45"
3/28/2014,"13296,26"
3/31/2014,"13501,34"
4/1/2014,"13684,8"
4/2/2014,"13753,7"
4/3/2014,"13709,54"
4/4/2014,"13400,53"
4/7/2014,"13191,32"
4/8/2014,"13110,7"
4/9/2014,"13351,06"
4/10/2014,"13024,69"
4/11/2014,"12883,13"
4/14/2014,"12975,63"
4/15/2014,"13112,55"
4/16/2014,13324
4/17/2014,"13471,73"
4/21/2014,"13502,93"
4/22/2014,"13451,86"
4/23/2014,"13575,15"
4/24/2014,"13453,81"
4/25/2014,"13281,18"
4/28/2014,"13225,23"
4/29/2014,"13358,41"
4/30/2014,"13439,05"
5/1/2014,"13420,01"
5/2/2014,"13495,98"
5/5/2014,"13656,39"
5/6/2014,"13489,48"
5/7/2014,"13586,12"
5/8/2014,"13537,02"
5/9/2014,"13569,99"
5/12/2014,"13773,33"
5/13/2014,"13754,33"
5/14/2014,"13555,15"
5/15/2014,"13352,93"
5/16/2014,"13324,82"
5/19/2014,"13373,16"
5/20/2014,"13145,81"
5/21/2014,13224
5/22/2014,"13288,59"
5/23/2014,"13409,65"
5/27/2014,"13503,28"
5/28/2014,"13475,76"
5/29/2014,"13546,96"
5/30/2014,"13569,01"
6/2/2014,"13638,98"
6/3/2014,"13629,2"
6/4/2014,"13663,71"
6/5/2014,"13886,1"
6/6/2014,"13993,54"
6/9/2014,"14094,61"
6/10/2014,"14014,7"
6/11/2014,"13833,53"
6/12/2014,"13676,33"
6/13/2014,"13711,14"
6/16/2014,"13721,44"
6/17/2014,"13705,64"
6/18/2014,"13732,13"
6/19/2014,"13745,3"
6/20/2014,"13756,58"
6/23/2014,"13654,05"
6/24/2014,"13447,07"
6/25/2014,"13460,53"
6/26/2014,"13432,36"
6/27/2014,"13491,24"
6/30/2014,"13401,99"
7/1/2014,"13518,21"
7/2/2014,"13406,91"
7/3/2014,"13482,51"
7/7/2014,"13378,85"
7/8/2014,"13220,19"
7/9/2014,"13273,81"
7/10/2014,"13231,71"
7/11/2014,"13307,55"
7/14/2014,"13425,73"
7/15/2014,"13397,46"
7/16/2014,"13370,84"
7/17/2014,"13202,53"
7/18/2014,"13374,76"
7/21/2014,"13440,34"
7/22/2014,"13474,29"
7/23/2014,"13344,42"
7/24/2014,"13223,1"
7/25/2014,"13093,41"
7/28/2014,"13082,02"
7/29/2014,"12974,94"
7/30/2014,"13010,13"
7/31/2014,"12742,84"
8/1/2014,"12846,9"
8/4/2014,"12828,59"
8/5/2014,"12831,51"
8/6/2014,"12689,32"
8/7/2014,"12699,82"
8/8/2014,"12910,74"
8/11/2014,"12973,82"
8/12/2014,"12892,98"
8/13/2014,"13077,62"
8/14/2014,"13120,36"
8/15/2014,"13115,88"
8/18/2014,"13318,53"
8/19/2014,"13370,8"
8/20/2014,"13466,87"
8/21/2014,"13518,88"
8/22/2014,"13500,54"
8/25/2014,"13566,59"
8/26/2014,"13578,8"
8/27/2014,"13515,49"
8/28/2014,"13452,1"
8/29/2014,"13464,88"
9/2/2014,"13522,42"
9/3/2014,"13514,72"
9/4/2014,"13483,65"
9/5/2014,"13521,55"
9/8/2014,"13558,2"
9/9/2014,"13547,93"
9/10/2014,"13634,3"
9/11/2014,"13636,59"
9/12/2014,"13593,53"
9/15/2014,"13590,15"
9/16/2014,"13647,56"
9/17/2014,"13666,27"
9/18/2014,"13749,93"
9/19/2014,"13712,08"
9/22/2014,"13524,16"
9/23/2014,"13363,29"
9/24/2014,"13424,44"
9/25/2014,"13274,5"
9/26/2014,"13460,35"
9/29/2014,"13411,21"
9/30/2014,"13353,25"
10/1/2014,"13071,9"
10/2/2014,"13016,09"
10/3/2014,"13186,03"
10/6/2014,"13123,13"
10/7/2014,"12831,92"
10/8/2014,"13026,39"
10/9/2014,"12763,86"
10/10/2014,"12709,24"
10/13/2014,"12537,66"
10/14/2014,"12734,15"
10/15/2014,"12688,62"
10/16/2014,"12725,96"
10/17/2014,"12937,31"
10/20/2014,"12941,66"
10/21/2014,"13151,66"
10/22/2014,"13007,09"
10/23/2014,"13226,31"
10/24/2014,"13309,51"
10/27/2014,"13333,85"
10/28/2014,"13626,95"
10/29/2014,"13565,35"
10/30/2014,"13674,88"
10/31/2014,"13809,38"
11/3/2014,"13808,69"
11/4/2014,"13811,54"
11/5/2014,"13787,96"
11/6/2014,"13843,31"
11/7/2014,"13786,13"
11/10/2014,"13821,38"
11/11/2014,"13808,52"
11/12/2014,"13827,2"
11/13/2014,"13874,35"
11/14/2014,"13849,01"
11/17/2014,"13787,01"
11/18/2014,"13942,47"
11/19/2014,"13940,81"
11/20/2014,"13974,07"
11/21/2014,"14029,81"
11/24/2014,"14114,11"
11/25/2014,"14177,86"
11/26/2014,"14174,5"
11/28/2014,"14147,7"
12/1/2014,"14005,62"
12/2/2014,"14052,56"
12/3/2014,"14153,04"
12/4/2014,"14119,79"
12/5/2014,"14221,89"
12/8/2014,"14101,77"
12/9/2014,"14210,22"
12/10/2014,"13850,09"
12/11/2014,"13858,1"
12/12/2014,"13542,45"
12/15/2014,"13495,59"
12/16/2014,"13580,16"
12/17/2014,"13772,02"
12/18/2014,"14087,08"
12/19/2014,"14116,65"
12/22/2014,"14309,77"
12/23/2014,"14386,44"
12/24/2014,"14434,1"
12/26/2014,14479
12/29/2014,"14462,61"
12/30/2014,"14425,02"
12/31/2014,"14259,69"
1/2/2015,"14230,16"
1/5/2015,"14009,9"
1/6/2015,"13915,17"
1/7/2015,"14051,2"
1/8/2015,"14325,81"
1/9/2015,"14227,16"
1/12/2015,"14118,98"
1/13/2015,"14149,93"
1/14/2015,"14100,75"
1/15/2015,"14037,53"
1/16/2015,"14086,65"
1/20/2015,"14156,3"
1/21/2015,"14207,29"
1/22/2015,"14483,68"
1/23/2015,"14508,12"
1/26/2015,"14470,22"
1/27/2015,"14310,38"
1/28/2015,"14267,56"
1/29/2015,"14415,88"
1/30/2015,"14206,35"
2/2/2015,"14397,4"
2/3/2015,"14653,42"
2/4/2015,"14600,69"
2/5/2015,"14704,72"
2/6/2015,14841
2/9/2015,"14732,46"
2/10/2015,"14811,29"
2/11/2015,"14790,95"
2/12/2015,"14913,79"
2/13/2015,"15025,29"
2/17/2015,"14998,1"
2/18/2015,"15118,91"
2/19/2015,"15311,07"
2/20/2015,"15489,01"
2/23/2015,"15463,33"
2/24/2015,"15487,61"
2/25/2015,"15374,17"
2/26/2015,"15305,92"
2/27/2015,"15294,61"
3/2/2015,"15502,25"
3/3/2015,"15367,08"
3/4/2015,"15303,72"
3/5/2015,"15323,85"
3/6/2015,"15145,37"
3/9/2015,"15286,43"
3/10/2015,"15036,15"
3/11/2015,"15082,17"
3/12/2015,"15276,21"
3/13/2015,"15146,01"
3/16/2015,"15330,51"
3/17/2015,"15327,74"
3/18/2015,"15480,29"
3/19/2015,"15411,67"
3/20/2015,"15515,5"
3/23/2015,"15462,77"
3/24/2015,"15468,33"
3/25/2015,"15177,85"
3/26/2015,"15214,81"
3/27/2015,"15364,93"
3/30/2015,"15553,43"
3/31/2015,"15419,21"
4/1/2015,"15342,19"
4/2/2015,"15377,25"
4/6/2015,"15520,99"
4/7/2015,"15486,57"
4/8/2015,"15575,02"
4/9/2015,"15579,6"
4/10/2015,"15615,09"
4/13/2015,"15508,25"
4/14/2015,"15503,59"
4/15/2015,"15523,4"
4/16/2015,"15497,91"
4/17/2015,"15236,6"
4/20/2015,"15428,01"
4/21/2015,"15439,68"
4/22/2015,"15437,71"
4/23/2015,"15437,04"
4/24/2015,"15339,57"
4/27/2015,"15301,42"
4/28/2015,"15315,21"
4/29/2015,"15219,64"
4/30/2015,"14961,55"
5/1/2015,"15087,66"
5/4/2015,15131
5/5/2015,"14944,05"
5/6/2015,"14937,95"
5/7/2015,"14942,6"
5/8/2015,"15150,38"
5/11/2015,"15187,44"
5/12/2015,"15171,91"
5/13/2015,"15196,73"
5/14/2015,"15396,97"
5/15/2015,"15379,89"
5/18/2015,"15426,27"
5/19/2015,"15441,37"
5/20/2015,"15430,88"
5/21/2015,"15485,18"
5/22/2015,"15377,3"
5/26/2015,"15194,52"
5/27/2015,"15268,47"
5/28/2015,"15231,9"
5/29/2015,"15083,59"
6/1/2015,"15111,04"
6/2/2015,"15152,45"
6/3/2015,"15266,26"
6/4/2015,"15003,1"
6/5/2015,"15017,39"
6/8/2015,"14954,81"
6/9/2015,"14918,48"
6/10/2015,"15116,04"
6/11/2015,"15223,32"
6/12/2015,"15155,35"
6/15/2015,"15070,38"
6/16/2015,"15145,89"
6/17/2015,"15187,2"
6/18/2015,"15351,02"
6/19/2015,"15293,77"
6/22/2015,"15349,81"
6/23/2015,"15340,03"
6/24/2015,"15203,51"
6/25/2015,"15146,08"
6/26/2015,"15136,51"
6/29/2015,"14829,11"
6/30/2015,"14830,59"
7/1/2015,"14946,29"
7/2/2015,"14832,09"
7/6/2015,"14814,68"
7/7/2015,"14878,35"
7/8/2015,"14704,83"
7/9/2015,"14778,01"
7/10/2015,"14927,63"
7/13/2015,"15103,65"
7/14/2015,"15190,38"
7/15/2015,"15110,03"
7/16/2015,"15225,59"
7/17/2015,"15167,18"
7/20/2015,"15169,69"
7/21/2015,"14834,11"
7/22/2015,"14701,88"
7/23/2015,"14701,12"
7/24/2015,"14489,19"
7/27/2015,"14332,15"
7/28/2015,"14523,91"
7/29/2015,"14780,07"
7/30/2015,"14707,82"
7/31/2015,"14696,1"
8/3/2015,"14629,64"
8/4/2015,"14634,79"
8/5/2015,"14719,86"
8/6/2015,"14747,93"
8/7/2015,"14674,32"
8/10/2015,"15074,5"
8/11/2015,"14913,1"
8/12/2015,"14848,74"
8/13/2015,"14926,99"
8/14/2015,"15027,56"
8/17/2015,"15090,64"
8/18/2015,"15039,05"
8/19/2015,"14910,46"
8/20/2015,"14550,08"
8/21/2015,"14211,67"
8/24/2015,"13766,54"
8/25/2015,"13631,31"
8/26/2015,"13972,49"
8/27/2015,"14209,05"
8/28/2015,"14253,68"
8/31/2015,"14093,82"
9/1/2015,"13743,42"
9/2/2015,"14054,57"
9/3/2015,"14080,62"
9/4/2015,"13906,17"
9/8/2015,"14264,26"
9/9/2015,"14158,21"
9/10/2015,"14163,96"
9/11/2015,"14220,46"
9/14/2015,"14122,86"
9/15/2015,"14254,23"
9/16/2015,"14298,83"
9/17/2015,"14271,38"
9/18/2015,"14013,8"
9/21/2015,"14058,03"
9/22/2015,"13816,15"
9/23/2015,"13660,81"
9/24/2015,"13631,58"
9/25/2015,"13594,81"
9/28/2015,"13362,77"
9/29/2015,"13399,22"
9/30/2015,"13575,36"
10/1/2015,"13527,23"
10/2/2015,"13648,53"
10/5/2015,"13932,36"
10/6/2015,"13927,61"
10/7/2015,"14124,29"
10/8/2015,"14288,74"
10/9/2015,"14358,76"
10/12/2015,"14373,76"
10/13/2015,"14217,85"
10/14/2015,"13932,6"
10/15/2015,"14074,42"
10/16/2015,"14030,73"
10/19/2015,"14027,42"
10/20/2015,"14057,03"
10/21/2015,"14099,98"
10/22/2015,"14455,04"
10/23/2015,"14513,59"
10/26/2015,"14472,51"
10/27/2015,"14502,66"
10/28/2015,"14788,49"
10/29/2015,"14793,56"
10/30/2015,"14719,42"
11/2/2015,"14891,4"
11/3/2015,"14853,41"
11/4/2015,"14818,99"
11/5/2015,"14863,12"
11/6/2015,"14844,25"
11/9/2015,"14645,48"
11/10/2015,"14632,68"
11/11/2015,"14577,16"
11/12/2015,"14352,57"
11/13/2015,"14248,71"
11/16/2015,"14587,16"
11/17/2015,"14595,75"
11/18/2015,"14726,37"
11/19/2015,"14818,27"
11/20/2015,"14951,73"
11/23/2015,"14946,65"
11/24/2015,"15013,52"
11/25/2015,"14987,75"
11/27/2015,"14988,91"
11/30/2015,"14888,28"
12/1/2015,"14981,06"
12/2/2015,"14859,55"
12/3/2015,"14687,24"
12/4/2015,"14903,04"
12/7/2015,"14878,91"
12/8/2015,"14710,56"
12/9/2015,"14590,42"
12/10/2015,"14710,79"
12/11/2015,"14489,77"
12/14/2015,"14444,32"
12/15/2015,"14489,33"
12/16/2015,"14695,01"
12/17/2015,"14520,72"
12/18/2015,"14305,32"
12/21/2015,"14499,28"
12/22/2015,"14643,66"
12/23/2015,"14757,09"
12/24/2015,"14756,5"
12/28/2015,"14703,2"
12/29/2015,"14910,45"
12/30/2015,"14827,33"
12/31/2015,"14707,35"
1/4/2016,"14529,6"
1/5/2016,"14710,22"
1/6/2016,"14541,08"
1/7/2016,"14188,93"
1/8/2016,"13990,05"
1/11/2016,"14042,55"
1/12/2016,"14161,04"
1/13/2016,"13770,42"
1/14/2016,"13823,25"
1/15/2016,"13575,26"
1/19/2016,"13487,32"
1/20/2016,"13376,93"
1/21/2016,"13329,82"
1/22/2016,"13545,82"
1/25/2016,"13385,98"
1/26/2016,"13621,38"
1/27/2016,"13269,02"
1/28/2016,"13317,14"
1/29/2016,"13615,49"
2/1/2016,"13562,23"
2/2/2016,"13259,6"
2/3/2016,"13480,88"
2/4/2016,"13562,76"
2/5/2016,"13373,93"
2/8/2016,"13272,64"
2/9/2016,"13197,48"
2/10/2016,"13215,2"
2/11/2016,"12845,9"
2/12/2016,"12951,54"
2/16/2016,"13221,76"
2/17/2016,"13437,68"
2/18/2016,"13504,11"
2/19/2016,"13465,02"
2/22/2016,"13690,12"
2/23/2016,"13686,01"
2/24/2016,"13681,48"
2/25/2016,"13907,62"
2/26/2016,"13949,92"
2/29/2016,"13915,45"
3/1/2016,"14047,16"
3/2/2016,"14096,51"
3/3/2016,"14148,15"
3/4/2016,"14238,8"
3/7/2016,"14195,56"
3/8/2016,"14047,54"
3/9/2016,"14120,61"
3/10/2016,"14030,17"
3/11/2016,"14229,07"
3/14/2016,"14196,13"
3/15/2016,"14152,1"
3/16/2016,"14307,06"
3/17/2016,"14521,97"
3/18/2016,"14702,23"
3/21/2016,"14721,29"
3/22/2016,"14683,9"
3/23/2016,"14591,55"
3/24/2016,"14481,08"
3/28/2016,"14444,3"
3/29/2016,"14624,5"
3/30/2016,"14638,26"
3/31/2016,"14551,05"
4/1/2016,"14592,53"
4/4/2016,"14479,75"
4/5/2016,"14482,68"
4/6/2016,"14608,43"
4/7/2016,"14557,81"
4/8/2016,"14598,03"
4/11/2016,"14576,56"
4/12/2016,"14684,22"
4/13/2016,"14886,04"
4/14/2016,"14863,09"
4/15/2016,"14876,49"
4/18/2016,"14969,03"
4/19/2016,"14979,48"
4/20/2016,"14986,51"
4/21/2016,"14932,3"
4/22/2016,"15025,64"
4/25/2016,"14893,52"
4/26/2016,"15142,95"
4/27/2016,"15362,53"
4/28/2016,"15236,51"
4/29/2016,"15157,4"
5/2/2016,"15256,71"
5/3/2016,"15139,33"
5/4/2016,"15035,62"
5/5/2016,"15119,88"
5/6/2016,"15228,9"
5/9/2016,"15218,43"
5/10/2016,"15535,9"
5/11/2016,"15378,86"
5/12/2016,"15431,58"
5/13/2016,"15259,78"
5/16/2016,"15445,3"
5/17/2016,"15333,68"
5/18/2016,"15310,59"
5/19/2016,"15172,88"
5/20/2016,"15320,27"
5/23/2016,"15201,55"
5/24/2016,"15371,73"
5/25/2016,"15424,48"
5/26/2016,"15468,47"
5/27/2016,"15488,77"
5/31/2016,"15397,77"
6/1/2016,"15482,41"
6/2/2016,"15526,42"
6/3/2016,"15512,24"
6/6/2016,"15657,6"
6/7/2016,"15711,54"
6/8/2016,"15794,77"
6/9/2016,"15808,54"
6/10/2016,"15624,76"
6/13/2016,"15423,04"
6/14/2016,"15418,21"
6/15/2016,"15420,17"
6/16/2016,"15402,82"
6/17/2016,"15395,35"
6/20/2016,"15540,75"
6/21/2016,"15495,49"
6/22/2016,"15482,92"
6/23/2016,"15640,7"
6/24/2016,"15151,15"
6/27/2016,"14806,15"
6/28/2016,"14947,81"
6/29/2016,"15192,94"
6/30/2016,"15534,81"
7/1/2016,"15549,54"
7/5/2016,"15353,38"
7/6/2016,"15432,2"
7/7/2016,"15415,67"
7/8/2016,"15727,66"
7/11/2016,"15843,34"
7/12/2016,"15879,38"
7/13/2016,"15858,4"
7/14/2016,"15898,91"
7/15/2016,"15931,99"
7/18/2016,"15919,08"
7/19/2016,"15981,02"
7/20/2016,"16050,88"
7/21/2016,"15922,99"
7/22/2016,"15961,01"
7/25/2016,"15909,32"
7/26/2016,"16089,01"
7/27/2016,"16148,45"
7/28/2016,"16051,42"
7/29/2016,"16107,39"
8/1/2016,"16172,07"
8/2/2016,"16068,65"
8/3/2016,"16160,34"
8/4/2016,"16147,15"
8/5/2016,"16307,32"
8/8/2016,"16247,68"
8/9/2016,"16310,88"
8/10/2016,"16219,75"
8/11/2016,"16325,18"
8/12/2016,"16318,4"
8/15/2016,"16494,79"
8/16/2016,"16315,26"
8/17/2016,"16338,34"
8/18/2016,"16436,91"
8/19/2016,"16429,78"
8/22/2016,"16440,47"
8/23/2016,"16397,02"
8/24/2016,"16357,58"
8/25/2016,"16356,73"
8/26/2016,"16271,1"
8/29/2016,"16368,66"
8/30/2016,"16281,85"
8/31/2016,"16160,52"
9/1/2016,"16229,57"
9/2/2016,"16343,17"
9/6/2016,"16321,48"
9/7/2016,"16287,24"
9/8/2016,"16261,32"
9/9/2016,"15857,92"
9/12/2016,"16005,58"
9/13/2016,"15779,86"
9/14/2016,"15674,91"
9/15/2016,"15829,1"
9/16/2016,"15640,77"
9/19/2016,"15731,38"
9/20/2016,"15675,46"
9/21/2016,"15912,17"
9/22/2016,"16112,43"
9/23/2016,"16064,41"
9/26/2016,"16020,81"
9/27/2016,"16108,9"
9/28/2016,"16198,95"
9/29/2016,"15982,44"
9/30/2016,"16066,47"
10/3/2016,16071
10/4/2016,"15965,59"
10/5/2016,"16069,24"
10/6/2016,"16063,9"
10/7/2016,"15866,14"
10/10/2016,"15939,36"
10/11/2016,15681
10/12/2016,"15709,17"
10/13/2016,"15692,81"
10/14/2016,"15693,44"
10/17/2016,"15734,68"
10/18/2016,"15844,38"
10/19/2016,"15835,81"
10/20/2016,"15803,48"
10/21/2016,"15748,53"
10/24/2016,"15912,66"
10/25/2016,"16087,79"
10/26/2016,"16253,9"
10/27/2016,"16082,84"
10/28/2016,"16169,89"
10/31/2016,"16205,94"
11/1/2016,"16129,98"
11/2/2016,"15977,16"
11/3/2016,"15878,93"
11/4/2016,"15889,23"
11/7/2016,"16188,15"
11/8/2016,"16195,58"
11/9/2016,"16888,4"
11/10/2016,"17155,3"
11/11/2016,"17402,82"
11/14/2016,"17586,38"
11/15/2016,"17494,23"
11/16/2016,"17402,59"
11/17/2016,"17407,69"
11/18/2016,"17396,92"
11/21/2016,"17455,45"
11/22/2016,"17676,32"
11/23/2016,"17784,48"
11/25/2016,"17897,55"
11/28/2016,"17837,58"
11/29/2016,"17896,58"
11/30/2016,"17781,87"
12/1/2016,"17850,88"
12/2/2016,"17873,07"
12/5/2016,"17917,53"
12/6/2016,"17997,09"
12/7/2016,"18146,72"
12/8/2016,"17972,19"
12/9/2016,"18011,42"
12/12/2016,"17805,07"
12/13/2016,"17731,31"
12/14/2016,"17572,63"
12/15/2016,"17624,52"
12/16/2016,"17592,79"
12/19/2016,"17722,13"
12/20/2016,"17797,32"
12/21/2016,"17711,29"
12/22/2016,"17708,9"
12/23/2016,"17727,97"
12/27/2016,"17766,22"
12/28/2016,"17588,67"
12/29/2016,"17608,23"
12/30/2016,"17516,08"
1/3/2017,"17735,04"
1/4/2017,"17858,37"
1/5/2017,"17844,72"
1/6/2017,"17881,88"
1/9/2017,"17734,7"
1/10/2017,"17777,9"
1/11/2017,"17771,04"
1/12/2017,"17667,33"
1/13/2017,"17742,08"
1/17/2017,"17534,77"
1/18/2017,"17608,78"
1/19/2017,"17745,29"
1/20/2017,"17675,89"
1/23/2017,"17581,09"
1/24/2017,"17749,12"
1/25/2017,"17779,71"
1/26/2017,"17806,49"
1/27/2017,"17854,3"
1/30/2017,"17724,35"
1/31/2017,"17737,26"
2/1/2017,"17733,17"
2/2/2017,"17741,48"
2/3/2017,"17994,81"
2/6/2017,"18038,91"
2/7/2017,"18120,65"
2/8/2017,"18028,46"
2/9/2017,"18140,66"
2/10/2017,"18366,66"
2/13/2017,"18484,81"
2/14/2017,"18476,82"
2/15/2017,"18536,91"
2/16/2017,"18620,86"
2/17/2017,"18698,14"
2/21/2017,"18812,3"
2/22/2017,"18803,64"
2/23/2017,"18685,9"
2/24/2017,"18726,56"
2/27/2017,"18947,22"
2/28/2017,"18868,73"
3/1/2017,"19139,6"
3/2/2017,"18936,77"
3/3/2017,"18873,54"
3/6/2017,"18817,95"
3/7/2017,"18792,86"
3/8/2017,"18728,32"
3/9/2017,"18693,2"
3/10/2017,"18679,23"
3/13/2017,"18757,15"
3/14/2017,"18658,98"
3/15/2017,"18798,35"
3/16/2017,"18745,7"
3/17/2017,"18963,26"
3/20/2017,"18882,66"
3/21/2017,"18499,5"
3/22/2017,"18486,93"
3/23/2017,"18496,08"
3/24/2017,"18338,05"
3/27/2017,"18311,97"
3/28/2017,"18506,14"
3/29/2017,"18485,89"
3/30/2017,"18600,66"
3/31/2017,"18532,08"
4/3/2017,"18457,85"
4/4/2017,"18519,86"
4/5/2017,"18348,25"
4/6/2017,"18481,98"
4/7/2017,"18620,68"
4/10/2017,"18635,81"
4/11/2017,"18752,3"
4/12/2017,"18491,25"
4/13/2017,"18383,7"
4/17/2017,"18625,89"
4/18/2017,"18584,82"
4/19/2017,"18601,62"
4/20/2017,"18745,94"
4/21/2017,"18839,11"
4/24/2017,"19092,59"
4/25/2017,"19132,69"
4/26/2017,"19175,2"
4/27/2017,"19216,22"
4/28/2017,"19135,54"
5/1/2017,"19055,75"
5/2/2017,"19114,07"
5/3/2017,"19039,29"
5/4/2017,"19050,33"
5/5/2017,"19221,79"
5/8/2017,"19202,62"
5/9/2017,"19214,78"
5/10/2017,"19123,02"
5/11/2017,"19116,98"
5/12/2017,"19015,29"
5/15/2017,"19127,03"
5/16/2017,"19140,29"
5/17/2017,"18772,21"
5/18/2017,"18747,4"
5/19/2017,"19034,83"
5/22/2017,"19209,14"
5/23/2017,"19271,44"
5/24/2017,"19413,34"
5/25/2017,"19585,43"
5/26/2017,"19593,6"
5/30/2017,"19493,02"
5/31/2017,"19614,85"
6/1/2017,"19681,65"
6/2/2017,"19819,41"
6/5/2017,"19622,13"
6/6/2017,"19463,8"
6/7/2017,"19444,91"
6/8/2017,"19604,1"
6/9/2017,"19636,39"
6/12/2017,"19527,79"
6/13/2017,"19657,14"
6/14/2017,"19681,43"
6/15/2017,"19727,01"
6/16/2017,"19673,91"
6/19/2017,"19834,39"
6/20/2017,"19667,09"
6/21/2017,"19584,19"
6/22/2017,"19505,42"
6/23/2017,"19579,24"
6/26/2017,"19475,1"
6/27/2017,"19355,55"
6/28/2017,"19635,42"
6/29/2017,"19460,01"
6/30/2017,"19582,87"
7/3/2017,"19712,16"
7/5/2017,"19901,43"
7/6/2017,"19741,21"
7/7/2017,"19964,49"
7/10/2017,"20007,03"
7/11/2017,"20109,61"
7/12/2017,"20202,08"
7/13/2017,"20181,21"
7/14/2017,"20292,32"
7/17/2017,"20304,75"
7/18/2017,"20215,93"
7/19/2017,"20383,02"
7/20/2017,"20357,54"
7/21/2017,"20418,33"
7/24/2017,"20442,53"
7/25/2017,"20465,36"
7/26/2017,"20467,34"
7/27/2017,"20431,04"
7/28/2017,"20621,24"
7/31/2017,"20525,83"
8/1/2017,"20583,96"
8/2/2017,"20726,62"
8/3/2017,"20872,14"
8/4/2017,"20902,4"
8/7/2017,"20965,92"
8/8/2017,"20954,93"
8/9/2017,"20941,63"
8/10/2017,"20751,47"
8/11/2017,"20792,15"
8/14/2017,"21012,59"
8/15/2017,"20909,58"
8/16/2017,"20904,37"
8/17/2017,"20611,36"
8/18/2017,"20587,69"
8/21/2017,"20600,83"
8/22/2017,"20843,38"
8/23/2017,"20725,29"
8/24/2017,"20769,64"
8/25/2017,"20748,25"
8/28/2017,"20721,21"
8/29/2017,"21010,74"
8/30/2017,"21123,04"
8/31/2017,"21225,6"
9/1/2017,"21184,26"
9/5/2017,"20977,17"
9/6/2017,"20817,69"
9/7/2017,"20865,92"
9/8/2017,"20877,65"
9/11/2017,"21036,19"
9/12/2017,"21061,83"
9/13/2017,"21021,75"
9/14/2017,"21111,83"
9/15/2017,"21220,86"
9/18/2017,"21612,44"
9/19/2017,"21791,51"
9/20/2017,"21922,52"
9/21/2017,"22014,83"
9/22/2017,"22091,68"
9/25/2017,"22000,88"
9/26/2017,"22081,95"
9/27/2017,"22281,66"
9/28/2017,"22141,45"
9/29/2017,"22193,04"
10/2/2017,"22488,93"
10/3/2017,"22512,29"
10/4/2017,"22580,23"
10/5/2017,"22709,43"
10/6/2017,"22711,11"
10/9/2017,"22742,34"
10/10/2017,"22734,46"
10/11/2017,"22672,01"
10/12/2017,"22799,17"
10/13/2017,"22700,78"
10/16/2017,"22703,32"
10/17/2017,"22623,7"
10/18/2017,"22655,51"
10/19/2017,"22660,38"
10/20/2017,"22944,01"
10/23/2017,"22776,51"
10/24/2017,"22817,12"
10/25/2017,"22738,49"
10/26/2017,"22553,78"
10/27/2017,"22527,22"
10/30/2017,"22491,56"
10/31/2017,"22499,32"
11/1/2017,"22501,86"
11/2/2017,"22877,55"
11/3/2017,"22711,34"
11/6/2017,"22745,28"
11/7/2017,"22746,06"
11/8/2017,"22811,08"
11/9/2017,"22452,54"
11/10/2017,"22328,51"
11/13/2017,"22234,34"
11/14/2017,"22258,19"
11/15/2017,"22123,12"
11/16/2017,"22299,06"
11/17/2017,"22166,78"
11/20/2017,"22354,88"
11/21/2017,"22606,17"
11/22/2017,"22509,66"
11/24/2017,"22560,7"
11/27/2017,"22576,74"
11/28/2017,"22860,6"
11/29/2017,"22865,22"
11/30/2017,"23135,78"
12/1/2017,"22790,62"
12/4/2017,"22784,1"
12/5/2017,"22625,67"
12/6/2017,"22794,97"
12/7/2017,"22964,09"
12/8/2017,"23003,53"
12/11/2017,"22848,67"
12/12/2017,"22926,4"
12/13/2017,"23072,16"
12/14/2017,"23021,42"
12/15/2017,"23378,03"
12/18/2017,"23449,15"
12/19/2017,"23389,54"
12/20/2017,"23433,23"
12/21/2017,"23453,31"
12/22/2017,"23418,19"
12/26/2017,"23442,61"
12/27/2017,"23505,23"
12/28/2017,"23599,97"
12/29/2017,"23470,62"
1/2/2018,"23487,95"
1/3/2018,"23530,5"
1/4/2018,"23700,93"
1/5/2018,"23918,88"
1/8/2018,"24056,34"
1/9/2018,"24198,03"
1/10/2018,"24174,45"
1/11/2018,"24413,3"
1/12/2018,"24809,43"
1/16/2018,"24516,22"
1/17/2018,"24808,35"
1/18/2018,"24602,87"
1/19/2018,"24782,45"
1/22/2018,"24677,93"
1/23/2018,"24600,06"
1/24/2018,"24727,04"
1/25/2018,"25100,31"
1/26/2018,"25436,24"
1/29/2018,"25458,27"
1/30/2018,"25269,94"
1/31/2018,"25331,11"
2/1/2018,"25478,4"
2/2/2018,"24956,5"
2/5/2018,"23692,26"
2/6/2018,"23936,39"
2/7/2018,"24261,81"
2/8/2018,23454
2/9/2018,"23798,56"
2/12/2018,"24155,04"
2/13/2018,"24262,45"
2/14/2018,"24653,67"
2/15/2018,"25222,63"
2/16/2018,"25258,81"
2/20/2018,"25053,59"
2/21/2018,"25074,59"
2/22/2018,"25136,07"
2/23/2018,"25298,29"
2/26/2018,"25564,5"
2/27/2018,"25295,02"
2/28/2018,"25241,59"
3/1/2018,"24722,52"
3/2/2018,"24825,69"
3/5/2018,"25026,02"
3/6/2018,"24980,79"
3/7/2018,"25070,92"
3/8/2018,"25161,11"
3/9/2018,"25514,52"
3/12/2018,"25078,53"
3/13/2018,"25011,21"
3/14/2018,"24736,62"
3/15/2018,"24715,77"
3/16/2018,"24676,59"
3/19/2018,"24726,17"
3/20/2018,"24901,59"
3/21/2018,"24951,03"
3/22/2018,"24228,23"
3/23/2018,"24284,18"
3/26/2018,"24917,53"
3/27/2018,"24526,01"
3/28/2018,"24336,01"
3/29/2018,"24693,46"
4/2/2018,"24322,51"
4/3/2018,"24619,04"
4/4/2018,"24768,7"
4/5/2018,"25134,41"
4/6/2018,24525
4/9/2018,"24456,64"
4/10/2018,"24692,04"
4/11/2018,"24709,51"
4/12/2018,"24998,33"
4/13/2018,"24877,76"
4/16/2018,"25140,71"
4/17/2018,"25394,35"
4/18/2018,"25603,55"
4/19/2018,"25661,22"
4/20/2018,"25530,52"
4/23/2018,"25552,72"
4/24/2018,24952
4/25/2018,"24724,2"
4/26/2018,"24706,82"
4/27/2018,"24361,03"
4/30/2018,"23997,83"
5/1/2018,"23551,31"
5/2/2018,"23421,46"
5/3/2018,"23442,37"
5/4/2018,"23708,86"
5/7/2018,"24056,36"
5/8/2018,"24397,29"
5/9/2018,"24644,99"
5/10/2018,"24682,9"
5/11/2018,"24737,71"
5/14/2018,"24590,27"
5/15/2018,"24469,04"
5/16/2018,"24472,05"
5/17/2018,"24633,93"
5/18/2018,"24815,29"
5/21/2018,"25186,57"
5/22/2018,"24834,6"
5/23/2018,"25026,87"
5/24/2018,"25183,52"
5/25/2018,"25064,1"
5/29/2018,"24772,5"
5/30/2018,"25097,94"
5/31/2018,"24783,89"
6/1/2018,"25026,79"
6/4/2018,"25116,95"
6/5/2018,"25118,01"
6/6/2018,"25356,24"
6/7/2018,"25339,09"
6/8/2018,"25523,01"
6/11/2018,"25424,25"
6/12/2018,"25179,93"
6/13/2018,"25048,56"
6/14/2018,"24867,32"
6/15/2018,"24770,77"
6/18/2018,"24790,42"
6/19/2018,"24196,68"
6/20/2018,"24305,53"
6/21/2018,"24060,55"
6/22/2018,"24117,62"
6/25/2018,"23890,92"
6/26/2018,"23989,73"
6/27/2018,"23829,49"
6/28/2018,"23953,68"
6/29/2018,"24013,23"
7/2/2018,"24080,88"
7/3/2018,"24084,42"
7/5/2018,"24110,78"
7/6/2018,"24152,23"
7/9/2018,"24566,2"
7/10/2018,"24650,35"
7/11/2018,"24306,49"
7/12/2018,"24716,11"
7/13/2018,"24947,78"
7/16/2018,"25037,64"
7/17/2018,"25177,67"
7/18/2018,"25346,52"
7/19/2018,"25280,55"
7/20/2018,"25315,38"
7/23/2018,"25056,65"
7/24/2018,"25234,46"
7/25/2018,"25255,43"
7/26/2018,"25503,35"
7/27/2018,"25398,56"
7/30/2018,"25045,98"
7/31/2018,"25686,97"
8/1/2018,"25539,97"
8/2/2018,"25502,82"
8/3/2018,"25410,78"
8/6/2018,"25391,9"
8/7/2018,"25480,07"
8/8/2018,"25454,36"
8/9/2018,"25396,91"
8/10/2018,"25291,54"
8/13/2018,"25268,18"
8/14/2018,"25466,74"
8/15/2018,"25154,02"
8/16/2018,"25476,59"
8/17/2018,"25615,98"
8/20/2018,"25761,76"
8/21/2018,"25962,14"
8/22/2018,"25760,47"
8/23/2018,"25605,55"
8/24/2018,"25768,25"
8/27/2018,"25980,68"
8/28/2018,"26023,08"
8/29/2018,"26006,44"
8/30/2018,"25776,78"
8/31/2018,"25853,65"
9/4/2018,"25864,32"
9/5/2018,"25929,31"
9/6/2018,"26191,98"
9/7/2018,"26086,52"
9/10/2018,"26115,82"
9/11/2018,"26121,99"
9/12/2018,"26217,55"
9/13/2018,"26398,16"
9/14/2018,"26769,37"
9/17/2018,"26783,63"
9/18/2018,"27104,15"
9/19/2018,"26892,02"
9/20/2018,"26679,2"
9/21/2018,"26901,7"
9/24/2018,"26621,54"
9/25/2018,"26884,4"
9/26/2018,26790
9/27/2018,"26924,39"
9/28/2018,"27084,89"
10/1/2018,"27150,98"
10/2/2018,"27135,42"
10/3/2018,"27222,08"
10/4/2018,"27098,79"
10/5/2018,"26913,58"
10/8/2018,"26942,12"
10/9/2018,"26575,45"
10/10/2018,"25722,22"
10/11/2018,"25041,98"
10/12/2018,"25133,24"
10/15/2018,"25492,45"
10/16/2018,"26057,2"
10/17/2018,"25821,73"
10/18/2018,"25379,34"
10/19/2018,"25249,43"
10/22/2018,"25227,05"
10/23/2018,"25038,84"
10/24/2018,"24181,81"
10/25/2018,"24147,41"
10/26/2018,"24023,26"
10/29/2018,"23113,24"
10/30/2018,"23652,48"
10/31/2018,"23965,25"
11/1/2018,"24539,67"
11/2/2018,"24522,06"
11/5/2018,"24656,6"
11/6/2018,"24936,22"
11/7/2018,"25195,17"
11/8/2018,"25086,32"
11/9/2018,"25127,89"
11/12/2018,"24424,41"
11/13/2018,"24332,71"
11/14/2018,"24150,68"
11/15/2018,"24384,69"
11/16/2018,"24292,21"
11/19/2018,"23652,5"
11/20/2018,"23261,07"
11/21/2018,"23358,61"
11/23/2018,"23515,5"
11/26/2018,"23647,11"
11/27/2018,"23297,63"
11/28/2018,"23838,95"
11/29/2018,"23872,64"
11/30/2018,"23962,68"
12/3/2018,"24140,97"
12/4/2018,"23179,97"
12/6/2018,"23049,6"
12/7/2018,"22732,53"
12/10/2018,"23064,48"
12/11/2018,"22947,81"
12/12/2018,"23219,42"
12/13/2018,"23052,48"
12/14/2018,"22847,08"
12/17/2018,"22393,65"
12/18/2018,"22543,03"
12/19/2018,"22023,44"
12/20/2018,"21412,75"
12/21/2018,"20871,53"
12/24/2018,"20263,94"
12/26/2018,"21000,23"
12/27/2018,"21343,95"
12/28/2018,"21344,69"
12/31/2018,"21604,55"
1/2/2019,"21700,38"
1/3/2019,"21031,16"
1/4/2019,"21743,35"
1/7/2019,"21891,27"
1/8/2019,"22262,78"
1/9/2019,"22378,56"
1/10/2019,"22665,29"
1/11/2019,"22728,5"
1/14/2019,"22715,27"
1/15/2019,"22771,75"
1/16/2019,"22709,32"
1/17/2019,"23053,26"
1/18/2019,"23406,62"
1/22/2019,"22855,82"
1/23/2019,"23139,61"
1/24/2019,"23370,8"
1/25/2019,"23561,21"
1/28/2019,"23542,81"
1/29/2019,"23988,8"
1/30/2019,"24329,7"
1/31/2019,"24315,01"
2/1/2019,"24338,57"
2/4/2019,"24849,5"
2/5/2019,"25127,14"
2/6/2019,"25151,38"
2/7/2019,"25008,41"
2/8/2019,"25087,39"
2/11/2019,"25176,79"
2/12/2019,"25488,12"
2/13/2019,"25516,71"
2/14/2019,"25472,9"
2/15/2019,"25990,02"
2/19/2019,"25983,87"
2/20/2019,"26120,02"
2/21/2019,"25919,19"
2/22/2019,26159
2/25/2019,"26150,18"
2/26/2019,"25972,24"
2/27/2019,"26050,84"
2/28/2019,"26092,08"
3/1/2019,"26099,89"
3/4/2019,"25680,91"
3/5/2019,"25566,73"
3/6/2019,"25315,45"
3/7/2019,"25143,67"
3/8/2019,"25061,07"
3/11/2019,"24996,66"
3/12/2019,"24729,16"
3/13/2019,"24894,99"
3/14/2019,"24732,05"
3/15/2019,"24687,45"
3/18/2019,"24866,31"
3/19/2019,"24787,6"
3/20/2019,"24707,19"
3/21/2019,"24892,65"
3/22/2019,"24305,07"
3/25/2019,"24482,45"
3/26/2019,"24514,89"
3/27/2019,"24525,86"
3/28/2019,"24702,64"
3/29/2019,"24971,54"
4/1/2019,"25534,29"
4/2/2019,"25370,67"
4/3/2019,"25078,92"
4/4/2019,"25417,13"
4/5/2019,"25574,19"
4/8/2019,"25328,66"
4/9/2019,"24987,97"
4/10/2019,"24926,17"
4/11/2019,"25244,28"
4/12/2019,"25655,94"
4/15/2019,"25452,04"
4/16/2019,"25632,11"
4/17/2019,"25511,29"
4/18/2019,"25720,69"
4/22/2019,"25640,51"
4/23/2019,"26150,42"
4/24/2019,"26053,7"
4/25/2019,"26029,25"
4/26/2019,"26125,05"
4/29/2019,"26172,75"
4/30/2019,"26242,63"
5/1/2019,"26282,98"
5/2/2019,"26156,2"
5/3/2019,"26423,3"
5/6/2019,"26326,9"
5/7/2019,"25707,86"
5/8/2019,"25921,5"
5/9/2019,"25894,24"
5/10/2019,"25988,27"
5/13/2019,"25240,06"
5/14/2019,"25488,6"
5/15/2019,"25526,86"
5/16/2019,"25879,93"
5/17/2019,"25678,59"
5/20/2019,"25678,03"
5/21/2019,"26098,94"
5/22/2019,"25947,02"
5/23/2019,"25520,73"
5/24/2019,"25650,36"
5/28/2019,"25553,89"
5/29/2019,"25488,24"
5/30/2019,"25511,41"
5/31/2019,"25193,6"
6/3/2019,"25341,76"
6/4/2019,"25851,58"
6/5/2019,"26229,56"
6/6/2019,"26275,66"
6/7/2019,"26443,17"
6/10/2019,"26286,49"
6/11/2019,"25676,29"
6/12/2019,"25738,98"
6/13/2019,"25970,26"
6/14/2019,"25850,4"
6/17/2019,"25883,25"
6/18/2019,"26499,21"
6/19/2019,"26534,18"
6/20/2019,"27013,2"
6/21/2019,"26844,18"
6/24/2019,"26919,37"
6/25/2019,"26714,13"
6/26/2019,"26703,83"
6/27/2019,"26582,92"
6/28/2019,"26805,55"
7/1/2019,"26556,99"
7/2/2019,"26730,87"
7/3/2019,"26821,89"
7/5/2019,"26837,18"
7/8/2019,"26568,53"
7/9/2019,"26708,57"
7/10/2019,"26687,43"
7/11/2019,"26902,67"
7/12/2019,"27246,96"
7/15/2019,"27051,69"
7/16/2019,"27123,71"
7/17/2019,"26899,89"
7/18/2019,"26753,9"
7/19/2019,"27131,45"
7/22/2019,"27131,54"
7/23/2019,"27303,25"
7/24/2019,"27396,12"
7/25/2019,"27325,29"
7/26/2019,"27200,87"
7/29/2019,"27068,35"
7/30/2019,"27124,2"
7/31/2019,"26933,32"
8/1/2019,"26533,33"
8/2/2019,"26439,49"
8/5/2019,25828
8/6/2019,"26507,22"
8/7/2019,"26651,32"
8/8/2019,"27197,45"
8/9/2019,"27029,08"
8/12/2019,"26659,76"
8/13/2019,"26775,8"
8/14/2019,"26057,21"
8/15/2019,"26304,55"
8/16/2019,"26593,74"
8/19/2019,"26876,73"
8/20/2019,"26870,61"
8/21/2019,"27105,23"
8/22/2019,"27423,5"
8/23/2019,"26882,38"
8/26/2019,"27161,97"
8/27/2019,"26970,51"
8/28/2019,"27258,62"
8/29/2019,"27626,44"
8/30/2019,"27697,63"
9/3/2019,"27383,66"
9/4/2019,"27644,85"
9/5/2019,"27851,26"
9/6/2019,"27987,31"
9/9/2019,"27626,84"
9/10/2019,"27802,06"
9/11/2019,"28170,53"
9/12/2019,"28265,49"
9/13/2019,"28388,35"
9/16/2019,"28676,86"
9/17/2019,"28768,16"
9/18/2019,"28829,44"
9/19/2019,"28692,69"
9/20/2019,"28331,61"
9/23/2019,"28276,3"
9/24/2019,"28256,12"
9/25/2019,"28494,68"
9/26/2019,"28490,33"
9/27/2019,"28150,81"
9/30/2019,"28121,91"
10/1/2019,"27503,02"
10/2/2019,"27060,89"
10/3/2019,"27264,9"
10/4/2019,"27556,44"
10/7/2019,"27521,14"
10/8/2019,"27297,65"
10/9/2019,"27497,81"
10/10/2019,"27611,02"
10/11/2019,"27822,57"
10/14/2019,"27799,91"
10/15/2019,"27825,16"
10/16/2019,"27863,21"
10/17/2019,"27701,89"
10/18/2019,"26999,25"
10/21/2019,"26871,71"
10/22/2019,"27069,7"
10/23/2019,"27124,03"
10/24/2019,"27537,39"
10/25/2019,"27304,11"
10/28/2019,"27397,43"
10/29/2019,"27525,95"
10/30/2019,"27697,77"
10/31/2019,"27532,35"
11/1/2019,"27974,44"
11/4/2019,"27939,05"
11/5/2019,"28093,28"
11/6/2019,"28177,85"
11/7/2019,"28308,89"
11/8/2019,"28372,88"
11/11/2019,"28641,09"
11/12/2019,"28672,54"
11/13/2019,"28721,69"
11/14/2019,"28910,41"
11/15/2019,"29179,51"
11/18/2019,"29142,63"
11/19/2019,"29038,75"
11/20/2019,"29065,43"
11/21/2019,"28805,13"
11/22/2019,"28853,54"
11/25/2019,"28932,12"
11/26/2019,"29071,31"
11/27/2019,"29006,36"
11/29/2019,"28869,37"
12/2/2019,"28258,17"
12/3/2019,"28154,35"
12/4/2019,"28187,52"
12/5/2019,"28214,96"
12/6/2019,"28534,66"
12/9/2019,"28319,16"
12/10/2019,"28266,16"
12/11/2019,"28448,45"
12/12/2019,"28457,82"
12/13/2019,"28386,74"
12/16/2019,"28177,54"
12/17/2019,"27995,28"
12/18/2019,"27807,35"
12/19/2019,"27978,4"
12/20/2019,"28084,42"
12/23/2019,"28376,62"
12/24/2019,"28222,8"
12/26/2019,"28189,8"
12/27/2019,"28128,86"
12/30/2019,"28015,62"
12/31/2019,"27923,61"
1/2/2020,"28590,5"
1/3/2020,"28903,98"
1/6/2020,"28943,76"
1/7/2020,"29064,89"
1/8/2020,"28879,2"
1/9/2020,"29093,88"
1/10/2020,"28719,86"
1/13/2020,"28969,06"
1/14/2020,"28956,95"
1/15/2020,"29022,83"
1/16/2020,"29334,1"
1/17/2020,"29188,08"
1/21/2020,"28965,51"
1/22/2020,"28767,26"
1/23/2020,"29076,34"
1/24/2020,"29140,05"
1/27/2020,"28915,81"
1/28/2020,"29154,2"
1/29/2020,"29186,75"
1/30/2020,"29191,51"
1/31/2020,"28627,35"
2/3/2020,"28563,47"
2/4/2020,"29060,37"
2/5/2020,"29522,32"
2/6/2020,"29869,27"
2/7/2020,"29832,85"
2/10/2020,"30027,6"
2/11/2020,"30021,11"
2/12/2020,"30144,26"
2/13/2020,"29925,59"
2/14/2020,"29869,69"
2/18/2020,"29648,63"
2/19/2020,"29603,62"
2/20/2020,"29414,13"
2/21/2020,"29325,44"
2/24/2020,"28448,94"
2/25/2020,"27022,69"
2/26/2020,"26854,17"
2/27/2020,"25798,1"
2/28/2020,"25179,4"
3/2/2020,"25990,43"
3/3/2020,"25547,95"
3/4/2020,"26493,85"
3/5/2020,"24750,37"
3/6/2020,"24446,38"
3/9/2020,"22109,95"
3/10/2020,"22973,26"
3/11/2020,"20913,46"
3/12/2020,"18574,9"
3/13/2020,"19735,43"
3/16/2020,"16779,64"
3/17/2020,"17246,84"
3/18/2020,"15498,14"
3/19/2020,"15736,52"
3/20/2020,"15174,83"
3/23/2020,"14773,4"
3/24/2020,"16528,81"
3/25/2020,"18229,84"
3/26/2020,"20114,47"
3/27/2020,"18798,74"
3/30/2020,"18628,99"
3/31/2020,"18143,99"
4/1/2020,"17206,67"
4/2/2020,"17172,42"
4/3/2020,"17164,84"
4/6/2020,"18562,46"
4/7/2020,"18278,2"
4/8/2020,"19050,72"
4/9/2020,"19595,94"
4/13/2020,"18993,88"
4/14/2020,"19304,74"
4/15/2020,"18906,08"
4/16/2020,"18615,37"
4/17/2020,"19882,31"
4/20/2020,"19233,99"
4/21/2020,"18568,67"
4/22/2020,"18800,78"
4/23/2020,"18849,29"
4/24/2020,"18736,92"
4/27/2020,"19057,85"
4/28/2020,"19419,16"
4/29/2020,"20084,98"
4/30/2020,"19644,61"
5/1/2020,"18964,99"
5/4/2020,"18594,26"
5/5/2020,"18590,45"
5/6/2020,"18206,85"
5/7/2020,"18429,25"
5/8/2020,"19150,88"
5/11/2020,"18851,69"
5/12/2020,"18411,87"
5/13/2020,"17857,46"
5/14/2020,"17777,52"
5/15/2020,"17725,35"
5/18/2020,"19068,71"
5/19/2020,"18769,19"
5/20/2020,"18904,86"
5/21/2020,"19314,87"
5/22/2020,"19259,99"
5/26/2020,"20053,89"
5/27/2020,"21035,59"
5/28/2020,"20967,68"
5/29/2020,"20667,5"
6/1/2020,"20897,18"
6/2/2020,"20942,98"
6/3/2020,"22076,56"
6/4/2020,"22433,8"
6/5/2020,"23513,37"
6/8/2020,"24366,72"
6/9/2020,"23522,13"
6/10/2020,"22774,33"
6/11/2020,"20841,71"
6/12/2020,"21517,65"
6/15/2020,"21685,15"
6/16/2020,"22086,35"
6/17/2020,"21807,38"
6/18/2020,21707
6/19/2020,"21264,47"
6/22/2020,"21402,29"
6/23/2020,"21181,69"
6/24/2020,"20238,29"
6/25/2020,"20324,23"
6/26/2020,"19929,58"
6/29/2020,"21093,98"
6/30/2020,"20762,48"
7/1/2020,"20568,06"
7/2/2020,"20620,4"
7/6/2020,"20966,1"
7/7/2020,"20219,92"
7/8/2020,"20254,38"
7/9/2020,"19476,49"
7/10/2020,"19935,55"
7/13/2020,"19785,51"
7/14/2020,"20127,57"
7/15/2020,"20829,71"
7/16/2020,"20613,41"
7/17/2020,"20627,08"
7/20/2020,"20372,36"
7/21/2020,"20791,74"
7/22/2020,"21081,4"
7/23/2020,"20862,5"
7/24/2020,"20558,13"
7/27/2020,"20291,02"
7/28/2020,"20350,22"
7/29/2020,"20190,6"
7/30/2020,"19980,04"
7/31/2020,"19741,63"
8/3/2020,"20033,31"
8/4/2020,"20191,69"
8/5/2020,"20900,88"
8/6/2020,"20782,65"
8/7/2020,"20915,14"
8/10/2020,"21577,49"
8/11/2020,"21692,67"
8/12/2020,"21538,1"
8/13/2020,"21381,83"
8/14/2020,"21588,72"
8/17/2020,"21205,06"
8/18/2020,"20985,74"
8/19/2020,"20965,89"
8/20/2020,"20809,03"
8/21/2020,"20667,63"
8/24/2020,"21327,72"
8/25/2020,"21154,62"
8/26/2020,"20969,39"
8/27/2020,"21143,22"
8/28/2020,"21309,09"
8/31/2020,"21012,3"
9/1/2020,"21034,77"
9/2/2020,"21450,62"
9/3/2020,"20960,43"
9/4/2020,"20964,61"
9/8/2020,"20378,29"
9/9/2020,"20429,63"
9/10/2020,"20130,23"
9/11/2020,"20496,24"
9/14/2020,"20862,35"
9/15/2020,"20711,24"
9/16/2020,"21088,75"
9/17/2020,"21130,01"
9/18/2020,"20826,18"
9/21/2020,"20091,97"
9/22/2020,"20286,14"
9/23/2020,"19769,65"
9/24/2020,"19582,09"
9/25/2020,"19971,02"
9/28/2020,"20412,52"
9/29/2020,"20170,51"
9/30/2020,"19974,12"
10/1/2020,"20070,89"
10/2/2020,"20291,22"
10/5/2020,"20455,68"
10/6/2020,"20098,5"
10/7/2020,"20509,93"
10/8/2020,"20854,28"
10/9/2020,"20707,75"
10/12/2020,"20799,17"
10/13/2020,"20518,24"
10/14/2020,"20639,01"
10/15/2020,"20724,75"
10/16/2020,"20892,19"
10/19/2020,"20719,64"
10/20/2020,"20584,45"
10/21/2020,"20271,54"
10/22/2020,"20674,72"
10/23/2020,"20782,16"
10/26/2020,"20233,78"
10/27/2020,"19592,08"
10/28/2020,"18847,05"
10/29/2020,"19068,55"
10/30/2020,"19056,56"
11/2/2020,"19548,22"
11/3/2020,"20164,56"
11/4/2020,"20164,48"
11/5/2020,"20375,89"
11/6/2020,"20375,76"
11/9/2020,"21796,46"
11/10/2020,"22497,98"
11/11/2020,"22092,96"
11/12/2020,"21790,22"
11/13/2020,"22509,01"
11/16/2020,"23158,17"
11/17/2020,"23313,05"
11/18/2020,"23247,23"
11/19/2020,"23367,76"
11/20/2020,"22927,75"
11/23/2020,"23555,21"
11/24/2020,"24115,12"
11/25/2020,"23956,87"
11/27/2020,"23817,54"
11/30/2020,"23211,2"
12/1/2020,"23406,88"
12/2/2020,"23654,26"
12/3/2020,"24040,94"
12/4/2020,"24304,2"
12/7/2020,"24264,1"
12/8/2020,"24406,05"
12/9/2020,"24249,28"
12/10/2020,"24196,81"
12/11/2020,"24201,69"
12/14/2020,"23848,25"
12/15/2020,"24080,01"
12/16/2020,"23773,65"
12/17/2020,"23664,52"
12/18/2020,"23732,95"
12/21/2020,"23583,46"
12/22/2020,"23492,27"
12/23/2020,"23903,92"
12/24/2020,"23758,32"
12/28/2020,"23798,39"
12/29/2020,"23685,82"
12/30/2020,"23906,25"
12/31/2020,"23903,12"
1/4/2021,"22888,47"
1/5/2021,"23439,43"
1/6/2021,"23675,59"
1/7/2021,"23631,56"
1/8/2021,"23543,39"
1/11/2021,"23556,55"
1/12/2021,"23955,63"
1/13/2021,"23869,13"
1/14/2021,"24273,13"
1/15/2021,"23782,09"
1/19/2021,"24049,26"
1/20/2021,"24043,78"
1/21/2021,"23682,1"
1/22/2021,"23698,87"
1/25/2021,"23523,65"
1/26/2021,"23261,58"
1/27/2021,"22666,92"
1/28/2021,"22921,23"
1/29/2021,"22476,3"
2/1/2021,"22868,94"
2/2/2021,"23502,97"
2/3/2021,"23850,72"
2/4/2021,"24308,17"
2/5/2021,"24221,91"
2/8/2021,"24582,77"
2/9/2021,"24786,71"
2/10/2021,"24620,86"
2/11/2021,"24771,84"
2/12/2021,"24704,01"
2/16/2021,"24644,01"
2/17/2021,"24733,03"
2/18/2021,"24419,29"
2/19/2021,"24977,39"
2/22/2021,"24729,75"
2/23/2021,"24757,04"
2/24/2021,"25552,1"
2/25/2021,"24516,45"
2/26/2021,"24081,43"
3/1/2021,"24885,72"
3/2/2021,"24801,19"
3/3/2021,"24876,73"
3/4/2021,"24411,78"
3/5/2021,"24695,49"
3/8/2021,"24790,34"
3/9/2021,"24820,44"
3/10/2021,"25508,36"
3/11/2021,"25859,36"
3/12/2021,"26571,88"
3/15/2021,"26700,7"
3/16/2021,"26150,58"
3/17/2021,"26635,15"
3/18/2021,"26202,62"
3/19/2021,"26180,82"
3/22/2021,"25959,92"
3/23/2021,"25281,01"
3/24/2021,"25247,51"
3/25/2021,"25836,1"
3/26/2021,"25934,23"
3/29/2021,"26056,4"
3/30/2021,"26193,65"
3/31/2021,"26290,24"
4/1/2021,"26374,08"
4/5/2021,"26768,61"
4/6/2021,"26639,85"
4/7/2021,"26522,64"
4/8/2021,"26711,02"
4/9/2021,"26718,1"
4/12/2021,"26761,81"
4/13/2021,"26677,08"
4/14/2021,"26780,77"
4/15/2021,"26740,04"
4/16/2021,"26747,57"
4/19/2021,"26582,72"
4/20/2021,"26057,72"
4/21/2021,"26411,26"
4/22/2021,"26295,7"
4/23/2021,"26621,36"
4/26/2021,"26756,75"
4/27/2021,"26904,49"
4/28/2021,"26746,76"
4/29/2021,"26946,58"
4/30/2021,"26865,3"
5/3/2021,"26990,7"
5/4/2021,"26841,03"
5/5/2021,"26591,35"
5/6/2021,"26764,96"
5/7/2021,"27173,37"
5/10/2021,"26907,5"
5/11/2021,"26589,49"
5/12/2021,"25820,36"
5/13/2021,"26224,44"
5/14/2021,"26771,73"
5/17/2021,"26755,47"
5/18/2021,"26431,79"
5/19/2021,"26294,97"
5/20/2021,"26532,07"
5/21/2021,"26747,69"
5/24/2021,"27032,09"
5/25/2021,"27025,47"
5/26/2021,"27157,08"
5/27/2021,"27885,85"
5/28/2021,"27784,55"
6/1/2021,"28078,74"
6/2/2021,"28112,01"
6/3/2021,"27974,18"
6/4/2021,"28192,16"
6/7/2021,"28262,47"
6/8/2021,"28443,37"
6/9/2021,"28100,95"
6/10/2021,"28067,55"
6/11/2021,"28179,64"
6/14/2021,"28089,34"
6/15/2021,"28224,94"
6/16/2021,"27957,6"
6/17/2021,"27614,97"
6/18/2021,"27317,88"
6/21/2021,"27980,58"
6/22/2021,"27908,55"
6/23/2021,"27830,3"
6/24/2021,"28121,78"
6/25/2021,"28293,1"
6/28/2021,"27777,78"
6/29/2021,"27406,84"
6/30/2021,"27662,23"
7/1/2021,"27791,56"
7/2/2021,"27774,05"
7/6/2021,"27548,23"
7/7/2021,"27523,9"
7/8/2021,"27507,01"
7/9/2021,"27850,82"
7/12/2021,"27636,18"
7/13/2021,"27195,67"
7/14/2021,"26911,52"
7/15/2021,"26800,89"
7/16/2021,"26503,15"
7/19/2021,"25695,28"
7/20/2021,"26713,56"
7/21/2021,"27165,86"
7/22/2021,"26942,69"
7/23/2021,"27013,01"
7/26/2021,"27151,36"
7/27/2021,"27221,22"
7/28/2021,"27482,92"
7/29/2021,"27567,43"
7/30/2021,"27273,24"
8/2/2021,"27194,43"
8/3/2021,"27432,17"
8/4/2021,"26853,25"
8/5/2021,"27162,37"
8/6/2021,"27394,59"
8/9/2021,"27271,45"
8/10/2021,"27426,35"
8/11/2021,"27703,03"
8/12/2021,"27499,19"
8/13/2021,"27205,13"
8/16/2021,"27080,58"
8/17/2021,"26810,45"
8/18/2021,"26529,83"
8/19/2021,"26034,72"
8/20/2021,"26259,69"
8/23/2021,"26605,81"
8/24/2021,"26789,34"
8/25/2021,"26833,31"
8/26/2021,"26554,95"
8/27/2021,"26892,77"
8/30/2021,"26675,21"
8/31/2021,"26711,56"
9/1/2021,"26583,12"
9/2/2021,"26763,18"
9/3/2021,"26485,7"
9/7/2021,"26157,58"
9/8/2021,"26072,5"
9/9/2021,"26163,88"
9/10/2021,"25893,71"
9/13/2021,"26093,99"
9/14/2021,"25825,12"
9/15/2021,"26126,73"
9/16/2021,"25848,25"
9/17/2021,"25811,12"
9/20/2021,"25657,15"
9/21/2021,"25448,7"
9/22/2021,"26042,73"
9/23/2021,"26499,52"
9/24/2021,"26585,55"
9/27/2021,"26898,02"
9/28/2021,"26541,36"
9/29/2021,"26699,53"
9/30/2021,"26323,88"
10/1/2021,"26820,05"
10/4/2021,"26650,76"
10/5/2021,"26806,17"
10/6/2021,"26948,49"
10/7/2021,"27223,79"
10/8/2021,"27206,35"
10/11/2021,"27191,96"
10/12/2021,"27172,48"
10/13/2021,"27100,96"
10/14/2021,"27107,69"
10/15/2021,"27248,75"
10/18/2021,"27198,5"
10/19/2021,"27319,38"
10/20/2021,"27366,18"
10/21/2021,"27389,49"
10/22/2021,"27368,5"
10/25/2021,"27297,71"
10/26/2021,"26688,52"
10/27/2021,"26386,88"
10/28/2021,"26355,6"
10/29/2021,"26377,82"
11/1/2021,26606
11/2/2021,"26423,28"
11/3/2021,"26620,27"
11/4/2021,"26572,61"
11/5/2021,"27515,44"
11/8/2021,"27387,86"
11/9/2021,"27431,28"
11/10/2021,"27136,41"
11/11/2021,"26922,63"
11/12/2021,"26971,64"
11/15/2021,"27362,38"
11/16/2021,"26977,91"
11/17/2021,"26932,85"
11/18/2021,"26852,33"
11/19/2021,"26272,69"
11/22/2021,"26356,82"
11/23/2021,"26343,48"
11/24/2021,"26342,84"
11/26/2021,"25196,06"
11/29/2021,"25213,76"
11/30/2021,"24710,81"
12/1/2021,"24057,51"
12/2/2021,"24963,22"
12/3/2021,"24781,79"
12/6/2021,"25439,81"
12/7/2021,"25618,61"
12/8/2021,"25898,56"
12/9/2021,"25699,15"
12/10/2021,"25652,16"
12/13/2021,"25199,7"
12/14/2021,"25032,66"
12/15/2021,"25160,52"
12/16/2021,"24840,12"
12/17/2021,"24887,91"
12/20/2021,"24478,83"
12/21/2021,25423
12/22/2021,"25512,21"
12/23/2021,"25828,29"
12/27/2021,"25905,38"
12/28/2021,"26047,16"
12/29/2021,"25941,26"
12/30/2021,"25916,93"
12/31/2021,"25946,8"
1/3/2022,"26191,38"
1/4/2022,"26814,58"
1/5/2022,"26546,67"
1/6/2022,"26639,72"
1/7/2022,"26848,59"
1/10/2022,"26609,9"
1/11/2022,"26912,67"
1/12/2022,"26910,43"
1/13/2022,"27045,1"
1/14/2022,"27260,54"
1/18/2022,"26911,97"
1/19/2022,"26562,26"
1/20/2022,"26299,64"
1/21/2022,"25785,86"
1/24/2022,"25960,55"
1/25/2022,"25886,99"
1/26/2022,"25447,24"
1/27/2022,"24943,51"
1/28/2022,"25166,52"
1/31/2022,"25495,76"
2/1/2022,"25835,27"
2/2/2022,"25981,85"
2/3/2022,"25836,25"
2/4/2022,"25844,23"
2/7/2022,"26197,82"
2/8/2022,26505
2/9/2022,"26838,38"
2/10/2022,"26634,62"
2/11/2022,"26572,9"
2/14/2022,"26263,01"
2/15/2022,"26734,07"
2/16/2022,"27001,1"
2/17/2022,"26655,44"
2/18/2022,"26315,79"
2/22/2022,"25970,27"
2/23/2022,"25658,68"
2/24/2022,"26350,71"
2/25/2022,"27130,98"
2/28/2022,"28181,9"
3/1/2022,"27878,95"
3/2/2022,"28093,11"
3/3/2022,"27666,4"
3/4/2022,"27539,35"
3/7/2022,"26981,67"
3/8/2022,"26454,75"
3/9/2022,"27094,98"
3/10/2022,"27042,98"
3/11/2022,"26648,15"
3/14/2022,"26538,41"
3/15/2022,"26996,97"
3/16/2022,"26915,28"
3/17/2022,"27348,01"
3/18/2022,"27512,46"
3/21/2022,"27860,13"
3/22/2022,"28208,16"
3/23/2022,"28072,98"
3/24/2022,"28400,59"
3/25/2022,"28490,04"
3/28/2022,"28104,06"
3/29/2022,"28253,76"
3/30/2022,"28324,49"
3/31/2022,"27928,97"
4/1/2022,"28188,87"
4/4/2022,"28084,79"
4/5/2022,"27759,18"
4/6/2022,"27645,33"
4/7/2022,"28032,07"
4/8/2022,"27663,12"
4/11/2022,"27746,39"
4/12/2022,"27899,97"
4/13/2022,"28161,92"
4/14/2022,"28226,31"
4/18/2022,"28160,28"
4/19/2022,"28415,18"
4/20/2022,"28392,58"
4/21/2022,"27562,39"
4/22/2022,"27307,02"
4/25/2022,"27147,14"
4/26/2022,"26744,31"
4/27/2022,"26570,33"
4/28/2022,"26708,33"
4/29/2022,"25961,22"
5/2/2022,"25956,2"
5/3/2022,"26167,39"
5/4/2022,"26866,43"
5/5/2022,"26223,41"
5/6/2022,"26050,4"
5/9/2022,"24870,62"
5/10/2022,"24935,35"
5/11/2022,"24661,5"
5/12/2022,"24501,33"
5/13/2022,24908
5/16/2022,"24869,24"
5/17/2022,"25463,06"
5/18/2022,"24820,7"
5/19/2022,"24475,2"
5/20/2022,"24260,66"
5/23/2022,"24726,4"
5/24/2022,"24890,22"
5/25/2022,"25106,3"
5/26/2022,"25512,81"
5/27/2022,"26057,3"
5/31/2022,"25722,58"
6/1/2022,"25676,78"
6/2/2022,"26191,61"
6/3/2022,"26168,37"
6/6/2022,"26288,7"
6/7/2022,"26896,55"
6/8/2022,"26387,02"
6/9/2022,"25852,49"
6/10/2022,"25281,28"
6/13/2022,"24345,53"
6/14/2022,"24125,29"
6/15/2022,"24464,64"
6/16/2022,"23629,86"
6/17/2022,"23720,08"
6/21/2022,"24355,44"
6/22/2022,"24258,87"
6/23/2022,"24072,18"
6/24/2022,"24834,56"
6/27/2022,"24875,54"
6/28/2022,"24721,97"
6/29/2022,"24573,45"
6/30/2022,"25014,42"
7/1/2022,"25289,07"
7/5/2022,24501
7/6/2022,"24827,4"
7/7/2022,"25029,36"
7/8/2022,"25050,88"
7/11/2022,"24854,3"
7/12/2022,"24892,79"
7/13/2022,"24504,38"
7/14/2022,"24237,09"
7/15/2022,"24467,16"
7/18/2022,"24165,33"
7/19/2022,"25038,93"
7/20/2022,"25340,5"
7/21/2022,"25427,38"
7/22/2022,"25214,93"
7/25/2022,"25339,54"
7/26/2022,"24951,38"
7/27/2022,"25153,34"
7/28/2022,"25683,98"
7/29/2022,"26169,16"
8/1/2022,"26394,91"
8/2/2022,"26387,32"
8/3/2022,"26521,17"
8/4/2022,"26335,83"
8/5/2022,"26298,42"
8/8/2022,"26172,67"
8/9/2022,"26225,58"
8/10/2022,"26720,24"
8/11/2022,"26649,88"
8/12/2022,"27179,27"
8/15/2022,"27391,07"
8/16/2022,"27420,83"
8/17/2022,"27261,53"
8/18/2022,"27279,36"
8/19/2022,"26916,32"
8/22/2022,"26330,14"
8/23/2022,"26389,77"
8/24/2022,"26626,37"
8/25/2022,"27184,75"
8/26/2022,"26408,53"
8/29/2022,"26269,48"
8/30/2022,"25882,17"
8/31/2022,"25594,83"
9/1/2022,"25320,61"
9/2/2022,"25173,86"
9/6/2022,"25169,2"
9/7/2022,"25586,35"
9/8/2022,"25620,77"
9/9/2022,25940
9/12/2022,"26000,1"
9/13/2022,"24907,33"
9/14/2022,"25312,18"
9/15/2022,"25094,46"
9/16/2022,"24820,5"
9/19/2022,"24985,58"
9/20/2022,"24944,43"
9/21/2022,"24690,19"
9/22/2022,"24427,99"
9/23/2022,"23803,27"
9/26/2022,"23434,3"
9/27/2022,"23316,54"
9/28/2022,"23781,14"
9/29/2022,"23232,22"
9/30/2022,"23036,31"
10/3/2022,"23726,34"
10/4/2022,"24507,58"
10/5/2022,"24334,78"
10/6/2022,"24179,01"
10/7/2022,"24064,66"
10/10/2022,"24275,01"
10/11/2022,"24265,78"
10/12/2022,"23724,61"
10/13/2022,"24200,04"
10/14/2022,"23509,38"
10/17/2022,"24142,12"
10/18/2022,"25100,96"
10/19/2022,"25230,84"
10/20/2022,"25198,06"
10/21/2022,"25765,77"
10/24/2022,"26041,17"
10/25/2022,"26174,7"
10/26/2022,"26058,4"
10/27/2022,"26500,2"
10/28/2022,"27189,53"
10/31/2022,"27111,37"
11/1/2022,"27156,15"
11/2/2022,"26769,36"
11/3/2022,"26922,55"
11/4/2022,"27088,54"
11/7/2022,"27479,82"
11/8/2022,"27718,31"
11/9/2022,"27500,71"
11/10/2022,"28452,64"
11/11/2022,"27484,72"
11/14/2022,"27150,58"
11/15/2022,"27604,19"
11/16/2022,"27415,57"
11/17/2022,"27490,26"
11/18/2022,"27722,1"
11/21/2022,"27865,2"
11/22/2022,"27962,86"
11/23/2022,"28019,38"
11/25/2022,"28178,73"
11/28/2022,"27695,92"
11/29/2022,"27782,63"
11/30/2022,"28194,1"
12/1/2022,"28259,19"
12/2/2022,"28763,47"
12/5/2022,"28463,31"
12/6/2022,"27943,73"
12/7/2022,"27862,83"
12/8/2022,"28003,35"
12/9/2022,"27773,83"
12/12/2022,"28155,25"
12/13/2022,"28118,5"
12/14/2022,"28207,53"
12/15/2022,"27659,05"
12/16/2022,27809
12/19/2022,"27621,05"
12/20/2022,"27851,84"
12/21/2022,"28331,29"
12/22/2022,"27826,96"
12/23/2022,"28013,04"
12/27/2022,"28098,01"
12/28/2022,"27885,68"
12/29/2022,"28196,39"
12/30/2022,"28278,62"
1/3/2023,"28189,18"
1/4/2023,"28332,54"
1/5/2023,"28295,32"
1/6/2023,"28727,72"
1/9/2023,"28192,62"
1/10/2023,"28342,4"
1/11/2023,"28504,56"
1/12/2023,"28739,03"
1/13/2023,"28390,56"
1/17/2023,"28267,82"
1/18/2023,"27779,23"
1/19/2023,"27408,75"
1/20/2023,"27655,34"
1/23/2023,"27950,45"
1/24/2023,"28359,33"
1/25/2023,"28495,26"
1/26/2023,"28718,87"
1/27/2023,"28760,44"
1/30/2023,"28606,21"
1/31/2023,"28990,52"
2/1/2023,"29029,96"
2/2/2023,"28847,46"
2/3/2023,"28680,78"
2/6/2023,"28890,01"
2/7/2023,"29136,16"
2/8/2023,"29020,81"
2/9/2023,"28858,98"
2/10/2023,"29222,5"
2/13/2023,"29416,82"
2/14/2023,"29618,47"
2/15/2023,"29728,57"
2/16/2023,"29399,44"
2/17/2023,"29528,17"
2/21/2023,"29239,51"
2/22/2023,"29311,74"
2/23/2023,"29299,99"
2/24/2023,"29170,36"
2/27/2023,"29170,15"
2/28/2023,"28938,89"
3/1/2023,"29188,5"
3/2/2023,"29524,63"
3/3/2023,"29697,88"
3/6/2023,"29630,29"
3/7/2023,"29388,24"
3/8/2023,"29291,7"
3/9/2023,"28772,77"
3/10/2023,"28489,5"
3/13/2023,"28382,42"
3/14/2023,"28715,45"
3/15/2023,"28041,54"
3/16/2023,"28478,49"
3/17/2023,"27857,36"
3/20/2023,"28276,58"
3/21/2023,"28546,35"
3/22/2023,"27976,92"
3/23/2023,"27937,41"
3/24/2023,"28134,13"
3/27/2023,"28393,77"
3/28/2023,"28538,36"
3/29/2023,"28846,66"
3/30/2023,"28916,12"
3/31/2023,"29098,56"
4/3/2023,"29551,68"
4/4/2023,"29232,67"
4/5/2023,"28972,75"
4/6/2023,"28925,95"
4/10/2023,"29222,23"
4/11/2023,"29238,72"
4/12/2023,"29407,77"
4/13/2023,"29548,74"
4/14/2023,"29061,43"
4/17/2023,"29355,38"
4/18/2023,"29694,98"
4/19/2023,29580
4/20/2023,"29423,4"
4/21/2023,"29225,68"
4/24/2023,"29235,13"
4/25/2023,"28882,98"
4/26/2023,"28294,99"
4/27/2023,"28700,69"
4/28/2023,"28818,42"
5/1/2023,"28895,19"
5/2/2023,"28738,58"
5/3/2023,"28410,64"
5/4/2023,"27985,41"
5/5/2023,"28254,73"
5/8/2023,"28096,82"
5/9/2023,"28421,22"
5/10/2023,"28209,8"
5/11/2023,"28096,8"
5/12/2023,"28045,97"
5/15/2023,"28363,73"
5/16/2023,"28107,09"
5/17/2023,"28575,11"
5/18/2023,"28619,54"
5/19/2023,"28435,03"
5/22/2023,"28542,59"
5/23/2023,"28010,43"
5/24/2023,"27734,06"
5/25/2023,"27525,31"
5/26/2023,"27686,36"
5/30/2023,"27639,96"
5/31/2023,"27429,27"
6/1/2023,"27794,46"
6/2/2023,"28444,88"
6/5/2023,"28196,51"
6/6/2023,"28463,97"
6/7/2023,"28953,22"
6/8/2023,"29181,58"
6/9/2023,"29099,85"
6/12/2023,"29277,01"
6/13/2023,"29260,2"
6/14/2023,"28951,05"
6/15/2023,"29244,22"
6/16/2023,"29293,27"
6/20/2023,"29138,07"
6/21/2023,"29411,56"
6/22/2023,"28943,45"
6/23/2023,"28742,5"
6/26/2023,"28696,28"
6/27/2023,"29040,25"
6/28/2023,"29014,4"
6/29/2023,"29418,58"
6/30/2023,29510
7/3/2023,"29551,77"
7/5/2023,"29523,95"
7/6/2023,"29353,53"
7/7/2023,"29325,93"
7/10/2023,"29516,16"
7/11/2023,"29874,58"
7/12/2023,"29670,98"
7/13/2023,"29721,82"
7/14/2023,"29358,13"
7/17/2023,"29519,64"
7/18/2023,"29385,73"
7/19/2023,"29221,32"
7/20/2023,"29594,76"
7/21/2023,"29427,89"
7/24/2023,"29574,24"
7/25/2023,"28969,13"
7/26/2023,"29414,1"
7/27/2023,"29280,79"
7/28/2023,"29569,13"
7/31/2023,"29767,64"
8/1/2023,"29760,98"
8/2/2023,"29148,3"
8/3/2023,"29093,81"
8/4/2023,"29241,54"
8/7/2023,"29678,06"
8/8/2023,"29523,29"
8/9/2023,"29713,98"
8/10/2023,"29567,53"
8/11/2023,"29647,06"
8/14/2023,"29559,88"
8/15/2023,"29131,43"
8/16/2023,"29018,29"
8/17/2023,"28729,58"
8/18/2023,"28945,88"
8/21/2023,"28955,64"
8/22/2023,"29095,54"
8/23/2023,"29183,96"
8/24/2023,"28635,38"
8/25/2023,"28801,51"
8/28/2023,"29145,28"
8/29/2023,"29200,92"
8/30/2023,"29472,62"
8/31/2023,"29306,92"
9/1/2023,"29382,24"
9/5/2023,"28962,59"
9/6/2023,"28584,58"
9/7/2023,"28593,19"
9/8/2023,28272
9/11/2023,"27863,8"
9/12/2023,"27728,49"
9/13/2023,"27629,04"
9/14/2023,"27782,92"
9/15/2023,"27713,95"
9/18/2023,"27769,09"
9/19/2023,"27610,46"
9/20/2023,"27504,76"
9/21/2023,"27023,13"
9/22/2023,"26776,12"
9/25/2023,"26891,92"
9/26/2023,26660
9/27/2023,"26905,45"
9/28/2023,"26775,25"
9/29/2023,"26785,7"
10/2/2023,"26491,11"
10/3/2023,"26308,46"
10/4/2023,"26187,92"
10/5/2023,"26085,66"
10/6/2023,"26322,61"
10/9/2023,"27487,28"
10/10/2023,"27668,47"
10/11/2023,"27857,41"
10/12/2023,"27504,05"
10/13/2023,"27469,68"
10/16/2023,"27648,03"
10/17/2023,"27716,5"
10/18/2023,"27629,43"
10/19/2023,"27369,99"
10/20/2023,"27022,7"
10/23/2023,"26998,7"
10/24/2023,"27294,68"
10/25/2023,"27241,29"
10/26/2023,"27315,2"
10/27/2023,"27106,71"
10/30/2023,"27233,98"
10/31/2023,"27786,78"
11/1/2023,"27965,78"
11/2/2023,"28550,46"
11/3/2023,"28698,46"
11/6/2023,"28603,37"
11/7/2023,28547
11/8/2023,"28509,66"
11/9/2023,"28527,33"
11/10/2023,"28822,66"
11/13/2023,"29163,59"
11/14/2023,"29393,97"
11/15/2023,"29376,69"
11/16/2023,"29206,14"
11/17/2023,"29219,96"